佐藤 健二,1987,1,1,ワイン,2000/1/1
山本 翔,1982,1,8,アート用品,2000/1/8
伊藤 海斗,1972,1,9,ワイン,2000/1/9
高橋 健二,1983,1,12,リュック,2000/1/12
佐藤 健二,1966,1,19,ノートパソコン,2000/1/19
中村 海斗,1960,1,20,カメラ,2000/1/20
鈴木 美咲,1965,1,24,ゲーム機,2000/1/24
田中 恵美,1964,1,29,ギフトカード,2000/1/29
佐藤 翔,1990,1,29,高級チョコレート,2000/1/29
高橋 太郎,1963,2,13,香水,2000/2/13
高橋 翔,1978,2,14,ジュエリー,2000/2/14
鈴木 花子,1975,2,18,腕時計,2000/2/18
田中 翔,1962,2,26,ギフトカード,2000/2/26
高橋 由美,1974,2,26,ギフトカード,2000/2/26
佐藤 海斗,1994,2,26,靴,2000/2/26
田中 菜々子,1978,3,3,アート用品,2000/3/3
鈴木 花子,1980,3,6,サングラス,2000/3/6
高橋 菜々子,1961,3,9,アート用品,2000/3/9
加藤 健二,1966,3,9,ワイン,2000/3/9
伊藤 美咲,1972,3,26,ボードゲーム,2000/3/26
渡辺 由美,1963,3,27,ヘッドホン,2000/3/27
小林 美咲,1988,3,31,ジュエリー,2000/3/31
高橋 花子,1971,4,12,本,2000/4/12
渡辺 恵美,1994,4,17,ボードゲーム,2000/4/17
渡辺 花子,1977,4,19,高級チョコレート,2000/4/19
佐藤 菜々子,1976,4,25,ボードゲーム,2000/4/25
小林 美咲,1971,4,27,自転車,2000/4/27
加藤 一郎,1980,5,21,サングラス,2000/5/21
田中 太郎,1984,5,23,リュック,2000/5/23
田中 太郎,1979,5,25,カメラ,2000/5/25
中村 太郎,1974,5,30,ゲーム機,2000/5/30
佐藤 恵美,1980,6,10,自転車,2000/6/10
田中 菜々子,1964,6,11,スマートフォン,2000/6/11
高橋 美咲,1980,6,14,本,2000/6/14
田中 健二,1960,6,16,本,2000/6/16
伊藤 由美,1967,6,24,ヘッドホン,2000/6/24
高橋 恵美,1965,6,25,ヘッドホン,2000/6/25
佐藤 翔,1995,7,1,ヘッドホン,2000/7/1
高橋 由美,1968,7,4,カメラ,2000/7/4
小林 花子,1996,7,8,本,2000/7/8
小林 海斗,1963,7,14,高級チョコレート,2000/7/14
山本 一郎,1985,7,16,リュック,2000/7/16
山本 一郎,1963,7,17,サングラス,2000/7/17
山本 健二,1991,7,28,スマートフォン,2000/7/28
田中 菜々子,2000,7,29,ゲーム機,2000/7/29
田中 海斗,1978,8,7,ハンドバッグ,2000/8/7
中村 健二,1980,8,11,スマートウォッチ,2000/8/11
田中 健二,1963,8,12,靴,2000/8/12
小林 美咲,1991,8,12,ノートパソコン,2000/8/12
小林 由美,1998,8,12,ヘッドホン,2000/8/12
高橋 翔,1964,8,13,リュック,2000/8/13
山本 海斗,1987,8,14,ノートパソコン,2000/8/14
加藤 一郎,1984,8,19,タブレット,2000/8/19
鈴木 翔,1980,8,22,ギフトバスケット,2000/8/22
加藤 健二,1960,8,25,自転車,2000/8/25
加藤 翔,1964,9,4,ゲーム機,2000/9/4
高橋 美咲,1996,9,6,ヘッドホン,2000/9/6
渡辺 恵美,1997,9,8,ゲーム機,2000/9/8
高橋 由美,1990,9,9,香水,2000/9/9
中村 翔,1983,9,10,ゲーム機,2000/9/10
高橋 花子,1998,9,14,タブレット,2000/9/14
伊藤 花子,1999,9,14,フィットネストラッカー,2000/9/14
佐藤 太郎,1966,9,18,ギフトバスケット,2000/9/18
小林 由美,1985,9,21,スマートウォッチ,2000/9/21
伊藤 海斗,1989,9,28,ワイン,2000/9/28
佐藤 菜々子,1987,9,29,カメラ,2000/9/29
小林 健二,1976,10,4,ワイン,2000/10/4
小林 菜々子,1990,10,5,Bluetoothスピーカー,2000/10/5
高橋 美咲,1994,10,6,ゲーム機,2000/10/6
渡辺 由美,1995,10,10,ボードゲーム,2000/10/10
伊藤 海斗,1977,10,11,ゲーム機,2000/10/11
加藤 菜々子,1992,10,12,アート用品,2000/10/12
伊藤 由美,1997,10,15,ワイン,2000/10/15
伊藤 翔,1961,10,18,スマートフォン,2000/10/18
伊藤 太郎,1993,10,18,ゲーム機,2000/10/18
渡辺 海斗,1998,10,20,リュック,2000/10/20
伊藤 健二,1989,10,25,アート用品,2000/10/25
小林 花子,1991,10,25,ノートパソコン,2000/10/25
渡辺 一郎,1978,10,28,ジュエリー,2000/10/28
伊藤 美咲,1977,10,29,本,2000/10/29
小林 花子,1969,10,30,リュック,2000/10/30
佐藤 由美,1979,10,30,本,2000/10/30
伊藤 太郎,1988,10,30,アート用品,2000/10/30
渡辺 海斗,1983,11,1,スマートフォン,2000/11/1
佐藤 太郎,1994,11,1,ギフトバスケット,2000/11/1
山本 花子,1961,11,5,高級チョコレート,2000/11/5
小林 健二,1976,11,15,香水,2000/11/15
伊藤 健二,1969,11,17,腕時計,2000/11/17
佐藤 恵美,1960,11,22,スマートフォン,2000/11/22
田中 海斗,1995,11,26,サングラス,2000/11/26
山本 翔,1987,12,2,高級チョコレート,2000/12/2
高橋 菜々子,1990,12,3,ギフトバスケット,2000/12/3
加藤 太郎,1982,12,4,ハンドバッグ,2000/12/4
山本 菜々子,1999,12,7,ジュエリー,2000/12/7
佐藤 美咲,1962,12,9,Bluetoothスピーカー,2000/12/9
佐藤 一郎,1969,12,11,サングラス,2000/12/11
佐藤 恵美,1987,12,15,アート用品,2000/12/15
田中 花子,1963,12,18,ボードゲーム,2000/12/18
高橋 美咲,1961,12,29,靴,2000/12/29
中村 健二,1969,12,30,スマートフォン,2000/12/30
